team,number,name,total_minutes,appearances
朝鮮大学校,4,金 悠宇,1170,13
玉川大学,16,今村　光汰,1170,13
玉川大学,3,信賀　有希,1170,13
横浜国立大学（神奈川県）,7,立入　光記,1170,13
武蔵大学,19,加藤　大聖,1170,13
日本大学文理学部,93,小川 寧大,1170,13
日本大学文理学部,10,城田 優,1170,13
桜美林大学,90,三治　陽空,1170,13
桜美林大学,5,高井　翔麻,1170,13
学習院大学,3,中川　賢人,1170,13
学習院大学,5,小林　恭輔,1170,13
学習院大学,10,小林　千紘,1170,13
東京経済大学,12,中村　裕大,1170,13
東京経済大学,5,内田　雄真,1170,13
神奈川工科大学（神奈川県）,30,大久保　陸翔,1170,13
帝京大学,1,佐藤 翔,1170,13
帝京大学,3,船木 匡太朗,1170,13
上智大学,1,藤田　大輝,1170,13
上智大学,6,荒川　哲平,1170,13
朝鮮大学校,19,金 亨政,1167,13
横浜国立大学（神奈川県）,1,神山　洋輝,1163,13
上智大学,44,山崎　颯介,1163,13
桜美林大学,6,吉川　遥人,1161,13
日本大学文理学部,25,間 琥太朗,1158,13
学習院大学,11,渡辺　創士,1158,13
日本大学文理学部,2,横山 聡大,1149,13
上智大学,33,村田　幸基,1146,13
武蔵大学,33,宇野　大稀,1145,13
横浜国立大学（神奈川県）,10,原子　泰地,1142,13
横浜国立大学（神奈川県）,8,小宮　昂大,1141,13
日本大学文理学部,14,葛西 由晏,1140,13
横浜国立大学（神奈川県）,36,井上　愛翔,1109,13
帝京大学,14,藤田 晴,1109,13
朝鮮大学校,11,鄭 泰男,1085,13
朝鮮大学校,29,鄭 誓華,1082,13
神奈川工科大学（神奈川県）,7,小林　優介,1081,13
学習院大学,1,若尾　林太朗,1080,12
横浜国立大学（神奈川県）,13,竹中　暖喜,1077,12
東京経済大学,7,大塚　恭生,1077,12
上智大学,9,田中　佑樹,1077,13
武蔵大学,11,田辺　伊吹,1076,13
神奈川工科大学（神奈川県）,9,功刀　崇斗,1076,13
東京経済大学,10,伊崎　耕紀,1069,12
学習院大学,13,梶　圭朝,1068,12
東京経済大学,16,村松　晴登,1065,13
横浜国立大学（神奈川県）,5,大西　遼久,1063,12
桜美林大学,44,堀江　響希,1062,12
上智大学,3,松本　和輝,1062,12
玉川大学,23,國本　純成,1058,13
学習院大学,7,児島　巧海,1050,13
玉川大学,36,上野　湊,1048,13
上智大学,10,塙　　仁成,1045,12
桜美林大学,21,菊地　琉世,1033,13
桜美林大学,7,佐藤　天真,1008,13
上智大学,8,福島　広大,991,13
朝鮮大学校,1,金 柱相,990,11
日本大学文理学部,1,磯貝 仁斗,990,11
桜美林大学,22,高橋　陽翔,990,11
上智大学,97,須田　悠斗,962,12
玉川大学,14,林　雄琉,936,12
東京経済大学,17,吉儀　大,936,13
桜美林大学,25,大成　春斗,927,13
朝鮮大学校,2,沈 瑞輝,921,13
横浜国立大学（神奈川県）,26,加藤　士門,914,11
武蔵大学,22,水越　大心,897,11
神奈川工科大学（神奈川県）,4,吉田　太陽,896,10
日本大学文理学部,3,北村 翼,878,10
神奈川工科大学（神奈川県）,15,林　晃希,878,12
帝京大学,13,沢 柊斗,878,13
大東文化大学,5,池羽　　航輝,866,11
武蔵大学,47,廣井　悠真,847,12
日本大学文理学部,37,清水 佑,847,11
大東文化大学,29,佐藤　大心,838,10
玉川大学,10,内田　凜,837,10
神奈川工科大学（神奈川県）,10,小林　暢,837,10
東京経済大学,13,宮﨑　悠斗,834,10
神奈川工科大学（神奈川県）,13,齊藤　大翔,830,11
東京経済大学,6,松井　一晟,813,10
武蔵大学,31,湯浅　世琉亜,810,9
帝京大学,32,矢野　琉瑚,810,9
玉川大学,7,森岡　大地,805,9
神奈川工科大学（神奈川県）,29,常盤　啓太,803,11
朝鮮大学校,10,朴 ソラ,799,13
神奈川工科大学（神奈川県）,8,春原　	哲汰,797,13
横浜国立大学（神奈川県）,3,髙木　直,795,11
神奈川工科大学（神奈川県）,11,平田　竜誠,791,13
朝鮮大学校,14,金 世諒,776,10
帝京大学,26,桾澤 琢太,768,12
横浜国立大学（神奈川県）,33,中村　朗莞,748,10
武蔵大学,8,中里　春輝,740,10
学習院大学,16,藤井　冬威,737,9
帝京大学,8,桒原 一斗,719,13
大東文化大学,11,舘　颯之介,717,12
桜美林大学,96,木村　恵真,693,13
帝京大学,9,緒方 快青,687,13
玉川大学,26,杉山　和勢,686,11
桜美林大学,10,石澤　海陽,686,9
大東文化大学,10,安藤　　稜人,682,8
帝京大学,2,松本 大地,675,8
帝京大学,6,近江 智哉,665,13
東京経済大学,8,河西　透和,650,9
横浜国立大学（神奈川県）,28,田邉　快斗,642,9
桜美林大学,3,岩本　晴,635,8
神奈川工科大学（神奈川県）,14,杉本　侑哉,630,7
大東文化大学,1,清水　　天斗,630,7
大東文化大学,18,青　海斗,628,8
武蔵大学,28,藤田　和,624,8
帝京大学,16,池内 優介,621,13
神奈川工科大学（神奈川県）,5,橋本　晃進,619,10
学習院大学,6,神山　晃太,617,9
日本大学文理学部,9,遠田 凌,612,11
武蔵大学,45,寺田　聡,608,9
日本大学文理学部,24,川口 友作,606,9
玉川大学,11,中村　隼人,600,9
朝鮮大学校,16,高　悠邦,598,8
玉川大学,5,松井　琢磨,585,7
玉川大学,37,清水　彩生,585,7
大東文化大学,47,渡辺　浩史,584,7
大東文化大学,88,松本　浩輝,574,8
神奈川工科大学（神奈川県）,3,五十嵐　晴生,568,9
大東文化大学,96,奥田　大翔,562,11
学習院大学,28,加藤   大毅,556,7
帝京大学,40,田中　菱,553,7
玉川大学,24,前田　陽平,550,7
日本大学文理学部,65,千葉　海斗,543,8
横浜国立大学（神奈川県）,6,渡邊　元気,541,9
学習院大学,2,松本　隆宏,536,7
横浜国立大学（神奈川県）,15,櫻井　恵太,531,11
武蔵大学,14,石塚　優斗,531,7
武蔵大学,4,小野寺　拓巳,529,7
大東文化大学,27,津田　　楓真,527,7
朝鮮大学校,13,李　京樹,527,7
学習院大学,8,小川　将弥,524,8
東京経済大学,3,古澤　友麻,522,7
上智大学,81,福尾　涼太,521,9
桜美林大学,88,山本　陵聖,519,6
大東文化大学,3,雨宮　　壮汰,519,7
東京経済大学,29,駒田　晴生,501,10
大東文化大学,16,栗栖　晴己,493,9
朝鮮大学校,21,朴　創嶺,493,8
学習院大学,27,山田   惟斗,491,6
大東文化大学,43,並木　俊輔,473,11
桜美林大学,15,大崎　陽斗,472,7
学習院大学,20,北林　星七,472,9
玉川大学,18,佐久間　駿喜,468,13
朝鮮大学校,9,金 翔元,467,8
東京経済大学,19,山田　士雄,458,6
武蔵大学,5,瀧川　穣,450,5
帝京大学,4,福平 太一,450,5
帝京大学,5,小林 侑希,450,5
大東文化大学,14,信國　達也,438,7
上智大学,19,湯浦　崇斗,438,6
学習院大学,4,木内　温大,433,5
朝鮮大学校,22,朴　才雄,421,6
玉川大学,27,楠山　奈音,419,7
大東文化大学,2,猿山　　和輝,415,6
大東文化大学,22,髙野　　広大,399,6
東京経済大学,4,北林　嶺,376,8
玉川大学,15,丸尾　航琉,374,7
上智大学,88,廣恒　龍,374,6
武蔵大学,10,森田　蓮人,367,6
上智大学,32,堀江　風雅,364,11
神奈川工科大学（神奈川県）,19,脇屋　颯人,363,10
玉川大学,22,歳森　杏介,362,12
横浜国立大学（神奈川県）,9,篠崎　開惺,361,10
日本大学文理学部,31,伊東　拓海,360,4
帝京大学,17,當間 晴琉,359,7
武蔵大学,2,久保田　琳,355,6
朝鮮大学校,8,朴 創嶺,350,4
朝鮮大学校,27,金　毅昂,339,7
桜美林大学,67,細谷　隼生,329,10
日本大学文理学部,33,渋谷 竜聖,323,4
東京経済大学,28,海老原　寛大,318,5
日本大学文理学部,6,大塚 逢祥,316,4
玉川大学,19,国谷　康太,306,8
武蔵大学,50,甲斐田　裕大,303,7
神奈川工科大学（神奈川県）,12,川瀬　桜介,301,7
朝鮮大学校,3,李　星琉,301,4
東京経済大学,18,新井　悠河,300,4
東京経済大学,21,古垣　大樹,298,7
日本大学文理学部,46,鈴木 堅斗,292,9
武蔵大学,13,藤倉　空知,285,7
大東文化大学,80,石神　瞬,279,4
帝京大学,35,古村　大和,279,7
帝京大学,11,渡辺 結心,273,6
大東文化大学,41,佃　孝太,271,4
大東文化大学,31,佐藤　晴翔,270,3
武蔵大学,1,重山　武史,270,3
日本大学文理学部,98,久場 莉稀,270,6
神奈川工科大学（神奈川県）,2,菅原　颯太郎,270,4
上智大学,80,大島　千虎,268,11
大東文化大学,19,上田　然,263,8
玉川大学,13,堀野辺　空,260,5
玉川大学,17,上野　兼叶,260,6
帝京大学,38,栗田　遼真,257,4
武蔵大学,34,島田　康誠,255,3
大東文化大学,6,目黒　嵩人,254,4
東京経済大学,31,市川　聖龍,251,4
朝鮮大学校,23,チョ ヘフィ,249,8
大東文化大学,8,萩原　　駆,247,4
朝鮮大学校,20,金 星希,242,7
大東文化大学,7,笠原　　壮瑠,240,6
帝京大学,10,細木 創太,239,7
帝京大学,7,内堀 太貴,235,6
朝鮮大学校,5,愼 昌樹,233,3
神奈川工科大学（神奈川県）,18,前原　海聖,224,5
桜美林大学,20,倉橋　正吾,223,11
東京経済大学,15,久保寺　壱晟,222,9
桜美林大学,9,斎藤　翔太,214,7
朝鮮大学校,6,姜 正晃,205,5
神奈川工科大学（神奈川県）,6,石塚　快,203,5
大東文化大学,13,佐久間　勇斗,200,6
武蔵大学,40,泉谷　俊,200,4
桜美林大学,31,牧野　歩,198,3
横浜国立大学（神奈川県）,11,島田　健央,196,8
東京経済大学,24,川村　大樹,194,6
武蔵大学,12,川口　陽誠,193,4
学習院大学,26,西山   康惺,192,3
大東文化大学,46,金子　潤,183,3
上智大学,11,笠原　真尋,183,6
玉川大学,9,島　任平,183,5
日本大学文理学部,5,星 恒輝,182,8
上智大学,79,杉崎　皐輔,181,3
大東文化大学,12,妹尾　典,180,2
大東文化大学,5,池羽　航輝,180,2
大東文化大学,27,津田　楓真,180,2
朝鮮大学校,12,金 利優,180,2
武蔵大学,24,永山　泰希,180,2
日本大学文理学部,91,嶋﨑 寛大,180,2
神奈川工科大学（神奈川県）,25,和田　岳空,175,5
横浜国立大学（神奈川県）,19,森下　優之心,174,4
武蔵大学,3,中嶋　惇仁,173,3
武蔵大学,49,宮本　理央,169,8
日本大学文理学部,27,井之上　悠,169,2
学習院大学,17,原　壮太,166,10
上智大学,17,白坂　航大,166,7
神奈川工科大学（神奈川県）,17,大山　和真,160,3
武蔵大学,26,池戸　虹成,155,4
学習院大学,14,佐藤　友樹,155,5
大東文化大学,3,雨宮　壮汰,154,2
日本大学文理学部,19,有田 海志,152,3
帝京大学,36,茂木　勇樹,152,4
神奈川工科大学（神奈川県）,23,小野　晟和,145,4
上智大学,35,大西　十和,145,6
大東文化大学,9,熊田　　裕,143,3
上智大学,14,関口　雄士,137,3
大東文化大学,4,正木　　翠羽,130,2
武蔵大学,37,関口　陽大,125,3
日本大学文理学部,29,髙山 周,125,7
武蔵大学,43,高橋　慶,125,2
東京経済大学,14,中島　洋之介,116,4
大東文化大学,10,安藤　稜人,109,2
帝京大学,19,佐山 洸士,109,2
東京経済大学,27,川畑　宇輝,106,2
帝京大学,18,野田 侑聖,105,2
日本大学文理学部,11,矢田 涼太郎,103,2
上智大学,48,岩永　悠社,100,3
玉川大学,34,坂本　佳晴,95,2
横浜国立大学（神奈川県）,37,佐々木　統羽,90,1
武蔵大学,21,神田　謙二郎,90,1
大東文化大学,1,清水　天斗,90,1
学習院大学,12,加藤   俐功,90,1
桜美林大学,55,渋谷　知都,90,1
日本大学文理学部,28,谷口 莉都,89,6
東京経済大学,18,渡部　隼翔,86,1
上智大学,4,須藤　智洋,85,4
朝鮮大学校,25,金　昌希,75,2
東京経済大学,20,小河原　瑛太,73,1
東京経済大学,33,細田　康貴,71,1
上智大学,2,唐澤　健太,69,1
東京経済大学,23,森田　颯,63,2
玉川大学,28,北村　瑞,62,2
桜美林大学,2,小野　文也,61,4
桜美林大学,68,三浦　瑠恩,61,5
武蔵大学,15,柳澤　広喜,57,4
武蔵大学,42,加藤　陽也,57,1
桜美林大学,14,田名部　勇,57,4
帝京大学,39,本間　竜有,56,2
東京経済大学,9,小尾　丞斗,53,4
大東文化大学,44,宮坂　哲之真,51,3
朝鮮大学校,28,崔 廣敏,48,3
武蔵大学,32,中西　智哉,48,2
大東文化大学,39,有賀　　大成,45,1
桜美林大学,23,和田　倖輔,42,2
日本大学文理学部,18,中村 陶冶,41,3
帝京大学,44,加藤　慧,39,3
朝鮮大学校,17,金 翔栄,37,2
桜美林大学,17,山田 　結互,37,2
朝鮮大学校,7,金 民学,37,2
朝鮮大学校,8,李　良成,37,1
帝京大学,15,杉浦 慶樹,34,3
桜美林大学,36,菊地　勝斗,32,3
上智大学,94,安野　一颯,31,4
東京経済大学,11,前島　陽向,31,2
学習院大学,32,岡本   惇之介,31,2
神奈川工科大学（神奈川県）,28,八島　渉太,29,2
東京経済大学,34,田中　大智,28,1
東京経済大学,25,都留　玄多,28,1
玉川大学,52,藤原　志宇,25,1
朝鮮大学校,13,柳　相在,22,1
日本大学文理学部,8,石川　雄大,20,1
大東文化大学,23,船津　圭太,19,1
大東文化大学,7,笠原　壮瑠,18,1
上智大学,48,岩永　悠杜,18,2
玉川大学,8,亀田　大空,17,1
玉川大学,33,荒井　陽大,16,1
朝鮮大学校,18,ソン スンイ,15,1
神奈川工科大学（神奈川県）,27,宮代　匠,14,1
大東文化大学,9,熊田　裕,13,1
武蔵大学,9,及川　紘輝,12,2
武蔵大学,18,美濃和　碧,12,1
神奈川工科大学（神奈川県）,22,吉谷　颯,10,1
横浜国立大学（神奈川県）,17,小川　和真,10,1
横浜国立大学（神奈川県）,16,井上　哲志,7,1
横浜国立大学（神奈川県）,27,菊地　海凪,7,1
帝京大学,27,山下 湊太郎,6,1
大東文化大学,28,田中　颯人,6,1
横浜国立大学（神奈川県）,22,鈴木　啓太,5,1
横浜国立大学（神奈川県）,23,川岸　幹太,5,1
上智大学,20,川島　晴空,4,1
上智大学,21,橋本　斗雅,4,1
東京経済大学,26,田中　大夢,4,1
学習院大学,22,柴田　佳輝,4,1
朝鮮大学校,31,カン　フィヨン,4,1
横浜国立大学（神奈川県）,34,長谷川　舜,3,1
帝京大学,25,山下 翔世,2,1
玉川大学,49,鈴木ペドロ　知一郎,1,1
朝鮮大学校,3,金 龍昇,0,0
横浜国立大学（神奈川県）,14,木村　光,0,0
横浜国立大学（神奈川県）,18,田房　朋樹,0,0
横浜国立大学（神奈川県）,21,川瀬　統己,0,0
横浜国立大学（神奈川県）,25,川口　湊人,0,0
横浜国立大学（神奈川県）,30,中野　楓麻,0,0
横浜国立大学（神奈川県）,40,小島　滉人,0,0
日本大学文理学部,12,松尾 凜久,0,0
桜美林大学,80,小野口　怜望,0,0
桜美林大学,18,佐藤　璃央,0,0
学習院大学,12,大西　怜真,0,0
学習院大学,24,柳澤　和希,0,0
学習院大学,18,大久保　史温,0,0
学習院大学,9,佐藤　雄哉,0,0
学習院大学,15,早稲田　睦,0,0
東京経済大学,30,寺内　聡,0,0
神奈川工科大学（神奈川県）,1,古渕　雅喜,0,0
帝京大学,12,牧野 長太朗,0,0
帝京大学,23,大塚 樟太,0,0
上智大学,50,五十嵐　陽人,0,0
横浜国立大学（神奈川県）,4,飯島　浩輝,0,0
上智大学,26,宇野　伶,0,0
玉川大学,12,松本　里央,0,0
日本大学文理学部,77,新門 一晏,0,0
大東文化大学,4,正木　翠羽,0,0
大東文化大学,22,髙野　広大,0,0
学習院大学,25,西村　藍斗,0,0
玉川大学,1,大熊　大輔,0,0
神奈川工科大学（神奈川県）,26,平野　龍斗,0,0
桜美林大学,50,丸田　楽空,0,0
帝京大学,31,飯島　悠翔,0,0
帝京大学,28,田中 奏匠,0,0
帝京大学,21,吉村 晴喜,0,0
朝鮮大学校,30,李 燦喜,0,0
朝鮮大学校,15,高 茂邦,0,0
武蔵大学,7,二杉　茶利,0,0
横浜国立大学（神奈川県）,35,三宅　匡瑛,0,0
東京経済大学,22,長田　崇志,0,0
大東文化大学,45,星野　秀斗,0,0
上智大学,12,中木　智也,0,0
学習院大学,26,西山　康惺,0,0
上智大学,38,瀧川　廉,0,0
日本大学文理学部,32,加藤 匠,0,0
桜美林大学,41,尾﨑　克蔵,0,0
学習院大学,21,伊藤   駿也,0,0
東京経済大学,32,峠舘　永愛,0,0
神奈川工科大学（神奈川県）,16,牛山　航,0,0
学習院大学,29,端谷   蓮,0,0
東京経済大学,22,村野　　大輝,0,0
桜美林大学,29,松並木 　梁仁,0,0
横浜国立大学（神奈川県）,32,馬塲　快,0,0
桜美林大学,49,梅本　高虎,0,0
学習院大学,19,河村　熙玲,0,0
横浜国立大学（神奈川県）,38,石榑　悠人,0,0
帝京大学,43,佐々木　貴彬,0,0
朝鮮大学校,32,朴　誠潤,0,0
日本大学文理学部,71,八木　良祐,0,0
神奈川工科大学（神奈川県）,21,福島　迅人,0,0
東京経済大学,2,瀬下　琥太郎,0,0
